{
  "Ridge": {
    "r2_train": 0.9740458307827314,
    "r2_test": 0.9696528804599853,
    "mae_train": 732.6204803814438,
    "mae_test": 781.2748964755815,
    "rmse_train": 1274.2911588839154,
    "rmse_test": 1365.863833788915
  },
  "ElasticNet": {
    "r2_train": 0.9064879888740045,
    "r2_test": 0.9008159702604233,
    "mae_train": 1840.7616394433473,
    "mae_test": 1863.2073168225008,
    "rmse_train": 2418.7935546974722,
    "rmse_test": 2469.275472597289
  },
  "HGB": {
    "r2_train": 0.9921417313721215,
    "r2_test": 0.9841324298060448,
    "mae_train": 489.3944636829124,
    "mae_test": 648.1989121936783,
    "rmse_train": 701.1784166593897,
    "rmse_test": 987.6518511120349
  },
  "Stacking": {
    "r2_train": 0.9929179653352486,
    "r2_test": 0.9836737565281999,
    "mae_train": 459.5686027098018,
    "mae_test": 650.1696683248256,
    "rmse_train": 665.6472285246612,
    "rmse_test": 1001.8248553274834
  },
  "Stacking_CV": {
    "scores": [
      0.983699961462011,
      0.986040388319173,
      0.9877941866937775,
      0.9859191877036676,
      0.9870183115256881
    ],
    "mean": 0.9860944071408634,
    "std": 0.0013791185470470708
  }
}